doc_id,source_idx,genre,model,text,label,obfuscated,condition,technique,score,pred
doc_0004,451,fiction,human,"Alarum. Enter Enobarbus. ENOBARBUS. Naught, naught, all naught! I can behold no longer. Th’ Antoniad, the Egyptian admiral, With all their sixty, fly and turn the rudder. To see ’t mine eyes are blasted. Enter Scarus. SCARUS. Gods and goddesses, All the whole synod of them! ENOBARBUS. What’s thy passion? SCARUS. The greater cantle of the world is lost With very ignorance. We have kissed away Kingdoms and provinces. ENOBARBUS. How appears the fight? SCARUS. On our side, like the tokened pestilence, Where death is sure. Yon ribaudred nag of Egypt, Whom leprosy o’ertake, i’ th’ midst o’ th’ fight, When vantage like a pair of twins appeared, Both as the same—or, rather, ours the elder— The breeze upon her, like a cow in June, Hoists sails and flies. ENOBARBUS. That I beheld. Mine eyes did sicken at the sight and could not Endure a further view. SCARUS. She once being loofed, The noble ruin of her magic, Antony, Claps on his sea-wing and, like a doting mallard, Leaving the fight in height, flies after her. I never saw an action of such shame. Experience, manhood, honour, ne’er before Did violate so itself. ENOBARBUS. Alack, alack! Enter Canidius. CANIDIUS. Our fortune on the sea is out of breath And sinks most lamentably. Had our general Been what he knew himself, it had gone well. O, he has given example for our flight Most grossly by his own! ENOBARBUS. Ay, are you thereabouts? Why, then, good night indeed. CANIDIUS. Toward Peloponnesus are they fled. SCARUS. ’Tis easy to’t, and there I will attend What further comes. CANIDIUS. To Caesar will I render My legions and my horse. Six kings already Show me the way of yielding. ENOBARBUS. I’ll yet follow The wounded chance of Antony, though my reason Sits in the wind against me. [_Exeunt._]  SCENE XI. Alexandria. A Room in the Palace. Enter Antony with attendants. ANTONY. Hark, the land bids me tread no more upon’t. It is ashamed to bear me. Friends, come hither. I am so lated in the world that I Have lost my way for ever. I have a ship Laden with gold. Take that, divide it. Fly, And make your peace with Caesar. ALL. Fly? Not we. ANTONY. I have fled myself, and have instructed cowards To run and show their shoulders. Friends, be gone. I have myself resolved upon a course Which has no need of you. Be gone. My treasure’s in the harbour. Take it. O, I followed that I blush to look upon. My very hairs do mutiny, for the white Reprove the brown for rashness, and they them For fear and doting. Friends, be gone. You shall Have letters from me to some friends that will Sweep your way for you. Pray you, look not sad, Nor make replies of loathness. Take the hint Which my despair proclaims. Let that be left Which leaves itself. To the sea-side straightway. I will possess you of that ship and treasure. Leave me, I pray, a little—pray you, now, Nay, do so; for indeed I have lost command. Therefore I pray you. I’ll see you by and by. [_Sits down._]  Enter Cleopatra led by Charmian, Iras and Eros. EROS. Nay, gentle madam, to him! Comfort him. IRAS. Do, most dear queen. CHARMIAN. Do! Why, what else? CLEOPATRA. Let me sit down. O Juno! ANTONY. No, no, no, no, no. EROS. See you here, sir? ANTONY. O, fie, fie, fie! CHARMIAN. Madam. IRAS. Madam, O good empress! EROS. Sir, sir! ANTONY. Yes, my lord, yes. He at Philippi kept His sword e’en like a dancer, while I struck The lean and wrinkled Cassius, and ’twas I That the mad Brutus ended. He alone Dealt on lieutenantry, and no practice had In the brave squares of war. Yet now—no matter. CLEOPATRA. Ah, stand by. EROS. The Queen, my lord, the Queen! IRAS. Go to him, madam; speak to him. He is unqualitied with very shame. CLEOPATRA. Well then, sustain me. O! EROS. Most noble sir, arise. The Queen approaches. Her head’s declined, and death will seize her but Your comfort makes the rescue. ANTONY. I have offended reputation, A most unnoble swerving. EROS. Sir, the Queen. ANTONY. O, whither hast thou led me, Egypt? See How I convey my shame out of thine eyes By looking back what I have left behind ’Stroyed in dishonour. CLEOPATRA. O my lord, my lord, Forgive my fearful sails! I little thought You would have followed. ANTONY. Egypt, thou knew’st too well My heart was to thy rudder tied by th’ strings, And thou shouldst tow me after.",0,False,human,,0.7170348901800156,1
doc_0027,1470,fiction,human,"MACDUFF. Is the King stirring, worthy thane? MACBETH. Not yet. MACDUFF. He did command me to call timely on him. I have almost slipp’d the hour. MACBETH. I’ll bring you to him. MACDUFF. I know this is a joyful trouble to you; But yet ’tis one. MACBETH. The labour we delight in physics pain. This is the door. MACDUFF. I’ll make so bold to call. For ’tis my limited service. [_Exit Macduff._]  LENNOX. Goes the King hence today? MACBETH. He does. He did appoint so. LENNOX. The night has been unruly: where we lay, Our chimneys were blown down and, as they say, Lamentings heard i’ th’ air, strange screams of death, And prophesying, with accents terrible, Of dire combustion and confus’d events, New hatch’d to the woeful time. The obscure bird Clamour’d the live-long night. Some say the earth Was feverous, and did shake. MACBETH. ’Twas a rough night. LENNOX. My young remembrance cannot parallel A fellow to it. Enter Macduff. MACDUFF. O horror, horror, horror! Tongue nor heart cannot conceive nor name thee! MACBETH, LENNOX. What’s the matter? MACDUFF. Confusion now hath made his masterpiece! Most sacrilegious murder hath broke ope The Lord’s anointed temple, and stole thence The life o’ th’ building. MACBETH. What is’t you say? the life? LENNOX. Mean you his majesty? MACDUFF. Approach the chamber, and destroy your sight With a new Gorgon. Do not bid me speak. See, and then speak yourselves. [_Exeunt Macbeth and Lennox._]  Awake, awake!— Ring the alarum bell.—Murder and treason! Banquo and Donalbain! Malcolm! awake! Shake off this downy sleep, death’s counterfeit, And look on death itself! Up, up, and see The great doom’s image. Malcolm! Banquo! As from your graves rise up, and walk like sprites To countenance this horror! [_Alarum-bell rings._]  Enter Lady Macbeth. LADY MACBETH. What’s the business, That such a hideous trumpet calls to parley The sleepers of the house? Speak, speak! MACDUFF. O gentle lady, ’Tis not for you to hear what I can speak: The repetition, in a woman’s ear, Would murder as it fell. Enter Banquo. O Banquo, Banquo! Our royal master’s murder’d! LADY MACBETH. Woe, alas! What, in our house? BANQUO. Too cruel anywhere.— Dear Duff, I pr’ythee, contradict thyself, And say it is not so. Enter Macbeth and Lennox with Ross. MACBETH. Had I but died an hour before this chance, I had liv’d a blessed time; for, from this instant There’s nothing serious in mortality. All is but toys: renown and grace is dead; The wine of life is drawn, and the mere lees Is left this vault to brag of. Enter Malcolm and Donalbain. DONALBAIN. What is amiss? MACBETH. You are, and do not know’t: The spring, the head, the fountain of your blood Is stopp’d; the very source of it is stopp’d. MACDUFF. Your royal father’s murder’d. MALCOLM. O, by whom? LENNOX. Those of his chamber, as it seem’d, had done’t: Their hands and faces were all badg’d with blood; So were their daggers, which, unwip’d, we found Upon their pillows. They star’d, and were distracted; No man’s life was to be trusted with them. MACBETH. O, yet I do repent me of my fury, That I did kill them. MACDUFF. Wherefore did you so? MACBETH. Who can be wise, amaz’d, temperate, and furious, Loyal and neutral, in a moment? No man: Th’ expedition of my violent love Outrun the pauser, reason. Here lay Duncan, His silver skin lac’d with his golden blood; And his gash’d stabs look’d like a breach in nature For ruin’s wasteful entrance: there, the murderers, Steep’d in the colours of their trade, their daggers Unmannerly breech’d with gore. Who could refrain, That had a heart to love, and in that heart Courage to make’s love known? LADY MACBETH. Help me hence, ho! MACDUFF. Look to the lady. MALCOLM. Why do we hold our tongues, That most may claim this argument for ours? DONALBAIN. What should be spoken here, where our fate, Hid in an auger hole, may rush, and seize us? Let’s away. Our tears are not yet brew’d. MALCOLM. Nor our strong sorrow Upon the foot of motion. BANQUO. Look to the lady:—  [_Lady Macbeth is carried out._]  And when we have our naked frailties hid, That suffer in exposure, let us meet, And question this most bloody piece of work To know it further. Fears and scruples shake us: In the great hand of God I stand; and thence Against the undivulg’d pretence I fight Of treasonous malice.",0,False,human,,0.7868442755026402,1
doc_0028,1234,fiction,human,"He loves you well that holds his life of you. The second Knight passes by, and his Squire presents his shield to Thaisa. Who is the second that presents himself? THAISA. A prince of Macedon, my royal father; And the device he bears upon his shield Is an arm’d knight that’s conquer’d by a lady; The motto thus, in Spanish, _Piu por dulzura que por forza._  The third Knight passes by, and his Squire presents his shield to Thaisa. SIMONIDES. And what’s the third? THAISA. The third of Antioch; And his device, a wreath of chivalry; The word, _Me pompae provexit apex._  The fourth Knight passes by, and his Squire presents his shield to Thaisa. SIMONIDES. What is the fourth? THAISA. A burning torch that’s turned upside down; The word, _Quod me alit me extinguit._  SIMONIDES. Which shows that beauty hath his power and will, Which can as well inflame as it can kill. The fifth Knight passes by, and his Squire presents his shield to Thaisa. THAISA. The fifth, an hand environed with clouds, Holding out gold that’s by the touchstone tried; The motto thus, _Sic spectanda fides._  The sixth Knight, Pericles, passes in rusty armour with bases, and unaccompanied. He presents his device directly to Thaisa. SIMONIDES. And what’s the sixth and last, the which the knight himself With such a graceful courtesy deliver’d? THAISA. He seems to be a stranger; but his present is A wither’d branch, that’s only green at top; The motto, _In hac spe vivo._  SIMONIDES. A pretty moral; From the dejected state wherein he is, He hopes by you his fortunes yet may flourish. FIRST LORD. He had need mean better than his outward show Can any way speak in his just commend; For by his rusty outside he appears To have practised more the whipstock than the lance. SECOND LORD. He well may be a stranger, for he comes To an honour’d triumph strangely furnished. THIRD LORD. And on set purpose let his armour rust Until this day, to scour it in the dust. SIMONIDES. Opinion’s but a fool, that makes us scan The outward habit by the inward man. But stay, the knights are coming. We will withdraw into the gallery. [_Exeunt. Great shouts within, and all cry_ ‘The mean Knight!’]    SCENE III. The same. A hall of state: a banquet prepared. Enter Simonides, Thaisa, Lords, Attendants and Knights, from tilting. SIMONIDES. Knights, To say you’re welcome were superfluous. To place upon the volume of your deeds, As in a title-page, your worth in arms, Were more than you expect, or more than’s fit, Since every worth in show commends itself. Prepare for mirth, for mirth becomes a feast: You are princes and my guests. THAISA. But you, my knight and guest; To whom this wreath of victory I give, And crown you king of this day’s happiness. PERICLES. ’Tis more by fortune, lady, than by merit. SIMONIDES. Call it by what you will, the day is yours; And here, I hope, is none that envies it. In framing an artist, art hath thus decreed, To make some good, but others to exceed; And you are her labour’d scholar. Come queen of the feast,— For, daughter, so you are,—here take your place: Marshal the rest, as they deserve their grace. KNIGHTS. We are honour’d much by good Simonides. SIMONIDES. Your presence glads our days; honour we love; For who hates honour hates the gods above. MARSHALL. Sir, yonder is your place. PERICLES. Some other is more fit. FIRST KNIGHT. Contend not, sir; for we are gentlemen Have neither in our hearts nor outward eyes Envied the great, nor shall the low despise. PERICLES. You are right courteous knights. SIMONIDES. Sit, sir, sit. By Jove, I wonder, that is king of thoughts, These cates resist me, he but thought upon. THAISA. By Juno, that is queen of marriage, All viands that I eat do seem unsavoury, Wishing him my meat. Sure, he’s a gallant gentleman. SIMONIDES. He’s but a country gentleman; Has done no more than other knights have done; Has broken a staff or so; so let it pass. THAISA. To me he seems like diamond to glass. PERICLES. Yon king’s to me like to my father’s picture, Which tells me in that glory once he was; Had princes sit, like stars, about his throne, And he the sun, for them to reverence; None that beheld him, but, like lesser lights, Did vail their crowns to his supremacy: Where now his son’s like a glow-worm in the night, The which hath fire in darkness, none in light: Whereby I see that time’s the king of men, He’s both their parent, and he is their grave, And gives them what he will, not what they crave.",0,False,human,,0.7303787161995564,1
doc_0032,1284,fiction,human,"This is the law, and this Duke Humphrey’s doom. SOMERSET. I humbly thank your royal Majesty. HORNER. And I accept the combat willingly. PETER. Alas, my lord, I cannot fight; for God’s sake, pity my case! The spite of man prevaileth against me. O Lord, have mercy upon me! I shall never be able to fight a blow. O Lord, my heart! GLOUCESTER. Sirrah, or you must fight or else be hanged. KING HENRY. Away with them to prison; and the day Of combat shall be the last of the next month. Come, Somerset, we’ll see thee sent away. [_Flourish. Exeunt._]  SCENE IV. Gloucester’s Garden  Enter the Witch Margery Jourdain, the two Priests, Hume, Southwell and Bolingbroke. HUME. Come, my masters. The duchess, I tell you, expects performance of your promises. BOLINGBROKE. Master Hume, we are therefore provided. Will her ladyship behold and hear our exorcisms? HUME. Ay, what else? Fear you not her courage. BOLINGBROKE. I have heard her reported to be a woman of an invincible spirit. But it shall be convenient, Master Hume, that you be by her aloft while we be busy below; and so, I pray you go, in God’s name, and leave us. [_Exit Hume._]  Mother Jourdain, be you prostrate and grovel on the earth. John Southwell, read you; and let us to our work. Enter Duchess aloft, Hume following. ELEANOR. Well said, my masters; and welcome all. To this gear, the sooner the better. BOLINGBROKE. Patience, good lady; wizards know their times. Deep night, dark night, the silent of the night, The time of night when Troy was set on fire, The time when screech-owls cry and ban-dogs howl, And spirits walk and ghosts break up their graves; That time best fits the work we have in hand. Madam, sit you and fear not. Whom we raise We will make fast within a hallowed verge. [_Here they do the ceremonies belonging, and make the circle; Bolingbroke or Southwell reads_ “Conjuro te”, _etc. It thunders and lightens terribly; then the Spirit riseth._]  SPIRIT. _Adsum_. M. JOURDAIN. Asnath, By the eternal God, whose name and power Thou tremblest at, answer that I shall ask; For till thou speak thou shalt not pass from hence. SPIRIT. Ask what thou wilt. That I had said and done! BOLINGBROKE. [_Reads_.] _First of the King: what shall of him become?_  SPIRIT. The duke yet lives that Henry shall depose, But him outlive and die a violent death. [_As the Spirit speaks, Southwell writes the answer._]  BOLINGBROKE. [_Reads_.] _What fates await the Duke of Suffolk?_  SPIRIT. By water shall he die and take his end. BOLINGBROKE. [_Reads_.] _What shall befall the Duke of Somerset?_  SPIRIT. Let him shun castles. Safer shall he be upon the sandy plains Than where castles mounted stand. Have done, for more I hardly can endure. BOLINGBROKE. Descend to darkness and the burning lake! False fiend, avoid! [_Thunder and lightning. Exit Spirit._]  Enter the Duke of York and the Duke of Buckingham with their Guard, and Sir Humphrey Stafford, and break in. YORK. Lay hands upon these traitors and their trash. Beldam, I think we watched you at an inch. What, madam, are you there? The King and commonweal Are deeply indebted for this piece of pains. My Lord Protector will, I doubt it not, See you well guerdoned for these good deserts. ELEANOR. Not half so bad as thine to England’s king, Injurious duke, that threatest where’s no cause. BUCKINGHAM. True, madam, none at all. What call you this? Away with them! Let them be clapped up close And kept asunder.—You, madam, shall with us.— Stafford, take her to thee. [_Exit Stafford._]  [_Exeunt above, Duchess and Hume, guarded._]  We’ll see your trinkets here all forthcoming. All, away! [_Exeunt guard with  Jourdain, Southwell, Bolingbroke, etc._]  YORK. Lord Buckingham, methinks you watched her well. A pretty plot, well chosen to build upon! Now, pray, my lord, let’s see the devil’s writ. What have we here? [_Reads_.] _The duke yet lives that Henry shall depose. But him outlive and die a violent death._ Why, this is just _Aio te, Aeacida, Romanos vincere posse._ Well, to the rest: _Tell me what fate awaits the Duke of Suffolk? By water shall he die and take his end. What shall betide the Duke of Somerset? Let him shun castles; Safer shall he be upon the sandy plains Than where castles mounted stand._ Come, come, my lords, these oracles Are hardly attained, and hardly understood.",0,False,human,,0.6719262014187214,1
doc_0043,864,fiction,human,"“Fair means!” she said, in answer to her husband’s look of angry surprise. “If you have not courage to attack him, make an apology, or allow yourself to be beaten. It will correct you of feigning more valour than you possess. No, I’ll swallow the key before you shall get it! I’m delightfully rewarded for my kindness to each! After constant indulgence of one’s weak nature, and the other’s bad one, I earn for thanks two samples of blind ingratitude, stupid to absurdity! Edgar, I was defending you and yours; and I wish Heathcliff may flog you sick, for daring to think an evil thought of me!”  It did not need the medium of a flogging to produce that effect on the master. He tried to wrest the key from Catherine’s grasp, and for safety she flung it into the hottest part of the fire; whereupon Mr. Edgar was taken with a nervous trembling, and his countenance grew deadly pale. For his life he could not avert that excess of emotion: mingled anguish and humiliation overcame him completely. He leant on the back of a chair, and covered his face. “Oh, heavens! In old days this would win you knighthood!” exclaimed Mrs. Linton. “We are vanquished! we are vanquished! Heathcliff would as soon lift a finger at you as the king would march his army against a colony of mice. Cheer up! you sha’n’t be hurt! Your type is not a lamb, it’s a sucking leveret.”  “I wish you joy of the milk-blooded coward, Cathy!” said her friend. “I compliment you on your taste. And that is the slavering, shivering thing you preferred to me! I would not strike him with my fist, but I’d kick him with my foot, and experience considerable satisfaction. Is he weeping, or is he going to faint for fear?”  The fellow approached and gave the chair on which Linton rested a push. He’d better have kept his distance: my master quickly sprang erect, and struck him full on the throat a blow that would have levelled a slighter man. It took his breath for a minute; and while he choked, Mr. Linton walked out by the back door into the yard, and from thence to the front entrance. “There! you’ve done with coming here,” cried Catherine. “Get away, now; he’ll return with a brace of pistols and half-a-dozen assistants. If he did overhear us, of course he’d never forgive you. You’ve played me an ill turn, Heathcliff! But go—make haste! I’d rather see Edgar at bay than you.”  “Do you suppose I’m going with that blow burning in my gullet?” he thundered. “By hell, no! I’ll crush his ribs in like a rotten hazel-nut before I cross the threshold! If I don’t floor him now, I shall murder him some time; so, as you value his existence, let me get at him!”  “He is not coming,” I interposed, framing a bit of a lie. “There’s the coachman and the two gardeners; you’ll surely not wait to be thrust into the road by them! Each has a bludgeon; and master will, very likely, be watching from the parlour-windows to see that they fulfil his orders.”  The gardeners and coachman _were_ there: but Linton was with them. They had already entered the court. Heathcliff, on the second thoughts, resolved to avoid a struggle against three underlings: he seized the poker, smashed the lock from the inner door, and made his escape as they tramped in. Mrs. Linton, who was very much excited, bade me accompany her upstairs. She did not know my share in contributing to the disturbance, and I was anxious to keep her in ignorance. “I’m nearly distracted, Nelly!” she exclaimed, throwing herself on the sofa. “A thousand smiths’ hammers are beating in my head! Tell Isabella to shun me; this uproar is owing to her; and should she or any one else aggravate my anger at present, I shall get wild. And, Nelly, say to Edgar, if you see him again to-night, that I’m in danger of being seriously ill. I wish it may prove true. He has startled and distressed me shockingly! I want to frighten him. Besides, he might come and begin a string of abuse or complainings; I’m certain I should recriminate, and God knows where we should end! Will you do so, my good Nelly? You are aware that I am no way blamable in this matter. What possessed him to turn listener?",0,False,human,,0.7328912438493846,1
doc_0060,636,fiction,human,"For these my present friends, as they are to me nothing, so in nothing bless them, and to nothing are they welcome. Uncover, dogs, and lap. [_The dishes  are uncovered and prove to be full of lukewarm water._]  SOME SPEAK. What does his lordship mean? SOME OTHER. I know not. TIMON. May you a better feast never behold, You knot of mouth-friends! Smoke and lukewarm water Is your perfection. This is Timon’s last, Who, stuck and spangled with your flatteries, Washes it off and sprinkles in your faces Your reeking villainy. [_Throws water in their faces._]  Live loathed, and long, Most smiling, smooth, detested parasites, Courteous destroyers, affable wolves, meek bears, You fools of fortune, trencher-friends, time’s flies, Cap-and-knee slaves, vapours, and minute-jacks! Of man and beast the infinite malady Crust you quite o’er! [_They stand_.] What, dost thou go? Soft! Take thy physic first; thou too, and thou! Stay, I will lend thee money, borrow none. [_He attacks them and forces them out._]  What, all in motion? Henceforth be no feast Whereat a villain’s not a welcome guest. Burn, house! Sink Athens! Henceforth hated be Of Timon man and all humanity! [_Exit._]  Enter Timon’s Friends, the Senators with other Lords. FIRST FRIEND. How now, my lords? SECOND FRIEND. Know you the quality of Lord Timon’s fury? THIRD FRIEND. Push! Did you see my cap? FOURTH FRIEND. I have lost my gown. FIRST FRIEND. He’s but a mad lord, and nought but humours sways him. He gave me a jewel th’ other day, and now he has beat it out of my hat. Did you see my jewel? THIRD FRIEND. Did you see my cap? SECOND FRIEND. Here ’tis. FOURTH FRIEND. Here lies my gown. FIRST FRIEND. Let’s make no stay. SECOND FRIEND. Lord Timon’s mad. THIRD FRIEND. I feel’t upon my bones. FOURTH FRIEND. One day he gives us diamonds, next day stones. [_Exeunt._]     ACT IV  SCENE I. Without the walls of Athens   Enter Timon. TIMON. Let me look back upon thee. O thou wall That girdles in those wolves, dive in the earth And fence not Athens! Matrons, turn incontinent! Obedience fail in children! Slaves and fools, Pluck the grave wrinkled senate from the bench And minister in their steads! To general filths Convert, o’ th’ instant, green virginity, Do’t in your parents’ eyes! Bankrupts, hold fast; Rather than render back, out with your knives And cut your trusters’ throats! Bound servants, steal! Large-handed robbers your grave masters are, And pill by law. Maid, to thy master’s bed, Thy mistress is o’ th’ brothel. Son of sixteen, Pluck the lined crutch from thy old limping sire, With it beat out his brains! Piety and fear, Religion to the gods, peace, justice, truth, Domestic awe, night-rest and neighbourhood, Instruction, manners, mysteries and trades, Degrees, observances, customs and laws, Decline to your confounding contraries, And let confusion live! Plagues incident to men, Your potent and infectious fevers heap On Athens, ripe for stroke! Thou cold sciatica, Cripple our senators, that their limbs may halt As lamely as their manners! Lust and liberty, Creep in the minds and marrows of our youth, That ’gainst the stream of virtue they may strive And drown themselves in riot! Itches, blains, Sow all th’ Athenian bosoms, and their crop Be general leprosy! Breath infect breath, That their society, as their friendship, may Be merely poison! Nothing I’ll bear from thee But nakedness, thou detestable town! Take thou that too, with multiplying bans! Timon will to the woods, where he shall find Th’ unkindest beast more kinder than mankind. The gods confound—hear me, you good gods all!— Th’ Athenians both within and out that wall, And grant, as Timon grows, his hate may grow To the whole race of mankind, high and low! Amen. [_Exit._]  SCENE II. Athens. A room in Timon’s house  Enter Flavius with two or three Servants. FIRST SERVANT. Hear you, Master Steward, where’s our master? Are we undone, cast off, nothing remaining? FLAVIUS. Alack, my fellows, what should I say to you? Let me be recorded by the righteous gods, I am as poor as you. FIRST SERVANT. Such a house broke? So noble a master fall’n? All gone, and not One friend to take his fortune by the arm And go along with him? SECOND SERVANT. As we do turn our backs From our companion, thrown into his grave, So his familiars to his buried fortunes Slink all away, leave their false vows with him, Like empty purses picked; and his poor self, A dedicated beggar to the air, With his disease of all-shunned poverty, Walks, like contempt, alone.—More of our fellows.",0,False,human,,0.8929309381275777,1
doc_0075,2772,news,human,"London (CNN)The ruler of Dubai, Sheikh Mohammed bin Rashid al-Maktoum, used agents of Dubai and the United Arab Emirates (UAE) to hack into and monitor the phones of his ex-wife Princess Haya bint al-Hussein, her legal advisors, and staff, during an ongoing custody battle concerning their two children, England's high court has ruled. Andrew McFarlane, the UK's most senior family court judge, said in his ruling on Wednesday that he found that through a network of servants and agents, Sheikh Mohammed had hacked the mobile phones of Princess Haya, her personal assistant, her solicitors Baroness Shackleton and Nicholas Manners, and two members of her personal security staff using ""Pegasus"" software licensed to Dubai and the UAE by an Israeli company. The software used included the capacity to track the target's locations, listen to their telephone calls, access their contacts lists, passwords, calendars, and photographs, and read messages received through apps, emails, and SMS. McFarlane said in his ruling the ""the findings represent a total abuse of trust, and indeed an abuse of power."" ""It is an abuse which has been compounded by the manner in which the father has contested these allegations and instructed his lawyers. Despite the weight of evidence, the fact of hacking was never conceded, nor was the fact that such hacking had been by Pegasus,"" McFarlane said.Read MorePrincess Haya, Dubai ruler's wife, seeks court order to prevent child's forced marriage""At no stage has the father offered any sign of concern for the mother, who is caring for their children, on the basis that her phones have been hacked and her security infiltrated. Instead, he has marshalled a formidable forensic team to challenge the findings sought by the mother and to fight the case against her on every point,"" he added. The judgment was released Wednesday, following a year-long reporting restriction that was lifted by the Family Division of the UK High Court. In a statement Wednesday, Sheikh Mohammed contested the judgment, saying it was based on ""an incomplete picture.""""I have always denied the allegations made against me and I continue to do so. These matters concern supposed operations of State security. As a Head of Government involved in private family proceedings, it was not appropriate for me to provide evidence on such sensitive matters either personally or via my advisers in a foreign court. Neither the Emirate of Dubai nor the UAE are party to these proceedings, and they did not participate in the hearing. The findings are therefore inevitably based on an incomplete picture,"" his statement said. ""In addition, the findings were based on evidence that was not disclosed to me or my advisers. I therefore maintain that they were made in a manner which was unfair,"" it continued. Dubai is one of seven emirates that make up the United Arab Emirates.JUST WATCHEDDubai ruler's wife seeks forced marriage protection order (2019)ReplayMore Videos ...MUST WATCHDubai ruler's wife seeks forced marriage protection order (2019) 01:04Because Sheikh Mohammed is the ruler of Dubai and the Vice-President and Prime Minister of the UAE, his lawyers argued that the Foreign Act of State (FAS) Doctrine -- which prohibits a court from inquiring into the legality of acts made by a foreign state -- undermined the UK High court's jurisdiction in this case. In January, McFarlane and Justice Martin Chamberlain ruled that the FAS doctrine did not prevent the court from adjudicating Princess Haya's claims. The findings are part of a series of ongoing hearings in London involving Princess Haya, and follow a ruling delivered in March 2020, which concluded Sheikh Mohammed had previously organized the abduction of two of his daughters and forcibly returned them to Dubai, where he held them against their will. The Sheikh has repeatedly denied all claims raised in the ongoing case. Correction: An earlier version of this story misidentified the capital of the UAE. It is Abu Dhabi.",0,False,human,,0.6806556394740984,1
doc_0080,2882,news,human," (CNN)The US Catholic bishops' conference issued a dramatic apology on Wednesday for the role of bishops in the church's clergy sexual abuse scandal and announced new initiatives to hold abusive or negligent bishops accountable. ""Some bishops, by their actions or their failures to act, have caused great harm to both individuals and the Church as a whole,"" said the administrative committee of the U.S. Conference of Catholic Bishops in a statement. Pope meets with leaders of US Catholic Church 'lacerated' by abuse scandal ""They have used their authority and power to manipulate and sexually abuse others. They have allowed the fear of scandal to replace genuine concern and care for those who have been victimized by abusers.""The statement from the US Catholic bishops' conference comes a week after its leadership met with Pope Francis at the Apostolic Palace in Rome. In a statement after the meeting, Cardinal Daniel DiNardo, president of the bishops' conference, called it a ""lengthy, fruitful and good exchange.""But in recent weeks most of the news surrounding the Catholic Church has been far from good. Read MoreThe church is facing abuse scandals on several continents, with its epicenter in the United States. American Catholics are reeling from a series of scandals beginning with the surprise announcement in July that a leading American cardinal had been credibly accused of abusing a minor. American cardinal says his own mother is 'embarrassed to be Catholic' That scandal, which led to Archbishop Theodore McCarrick's demotion from the prestigious College of Cardinals, has been followed by a series of equally damning accusations, from a Pennsylvania grand jury report that found widespread evidence of sexual abuse and cover ups, to the announcement last Thursday that Pope Francis has ordered an investigation into a West Virginia bishop who has been accused of sexually harassing adults. DiNardo himself is also facing accusations that he mishandled a complaint against a Catholic priest in Texas in 2010. ""This is a time of deep examination of conscience for each bishop,"" the bishops' administrative committee said on Wednesday. ""We cannot content ourselves that our response to sexual assault within the Church has been sufficient.""The administrative committee at the bishops conference is composed of about 25-30 members, including the president and top leadership, the chairs of bishops' committees and regional representatives. Typically, the committee sets the agenda for the bishops' semiannual meetings, when new polices are debated and voted on. McCarrick is the only American archbishop mentioned by name in the statement. The committee said it ""supported a full investigation into the situation"" surrounding him, ""including his alleged assaults on minors, priests, and seminarians as well as other matters regarding the current crisis.""Catholic bishop in West Virginia resigns amid sexual harassment investigationMcCarrick has denied the accusation about the minor and is appealing his removal from ministry at the Vatican. He has not responded to the allegations about the seminarian.Notably, the bishops' statement makes no mention of the possibility of a Vatican-led investigation into McCarrick, which DiNardo had said he would seek from Pope Francis. A Vatican spokesman has not responded to requests for information from CNN. Even without the Pope's approval, the US bishops can take several steps on their own. On Wednesday, they announced they had: 1. Approved a ""third-party reporting system"" to receive confidential complaints of sexual abuse of minors by a bishop, and sexual harassment of or sexual misconduct with adults by a bishop, and will direct those complaints to civil authorities and the ""appropriate"" church authorities. Those authorities are not named in the statement.  2. Ordered a committee at the bishops' conference to develop proposals for policies ""addressing restrictions on bishops who were removed or resigned because of allegations of sexual abuse of minors or sexual harassment of or misconduct with adults, including seminarians and priests.""Letter suggests Vatican knew of sexual misconduct allegations against McCarrick in 20003. Begun the process of developing a ""code of conduct"" for bishops regarding the sexual abuse of a minor by a bishop; sexual harassment of, or misconduct with an adult by a bishop; or ""negligence of a bishop in the exercise of his office related to such cases.""4. Agreed to support a full investigation into McCarrick, with help from lay experts in relevant fields, such as law enforcement and social services.""This is only a beginning. Consultation with a broad range of concerned parents, experts, and other laity along with clergy and religious will yield additional, specific measures to be taken to repair the scandal and restore justice,"" the bishops said in their statement.",0,False,human,,0.6834140465202969,1
doc_0082,2768,news,human,"Tokyo (CNN)An unidentified overseas visitor has tested positive for Covid-19 at the Tokyo Olympics athletes' village, organizers said on Saturday -- the first such case amid concerns the Games could become a super-spreader event.Speaking at a news conference, Tokyo 2020 CEO Toshiro Muto confirmed a non-resident of Japan who is involved in organizing the Games had tested positive, adding that the individual has been taken into quarantine outside of the village. He would not reveal the person's nationality, citing privacy concerns.There have now been a total of 45 Covid-19 cases linked to the Games, with athletes, officials and contractors testing positive for the virus. Athletes are just starting to arrive for the Games, which run July 23 through August 8.The Olympic Village for athletes in Chuo Ward, Tokyo on July 13, 2021.The embattled Games have been marred by controversy, with Japan struggling to rein in its Covid outbreak ahead of the opening ceremony on Friday and as critics continue to question whether it is safe for them to go ahead.Organizers already decided in March to ban overseas fans from the stands, but this month the Japanese Olympic Committee said Tokyo venues will not have spectators due to the city's coronavirus state of emergency -- an unprecedented move, according to an International Olympic Committee (IOC) spokesman.Read MoreSome athletes have pulled out of the games altogether, including Australian tennis star Nick Kyrgios and Australian basketball player Liz Cambage. Thousands of Tokyo Olympic volunteers have also quit.Japan's public has been lukewarm about the Games amid a resurgence in new infections and worries that an influx of foreign visitors may help turn the Olympics into a super-spreader event, which in turn could put further strain on Japan's already stretched medical system. More than 11,000 athletes from 205 national Olympic committees are scheduled to compete in the Games. Around 85% will have been vaccinated against Covid-19, according to the IOC.Japan has lagged behind Western countries in rolling out its vaccination drive. Only 20% of its population are fully vaccinated, compared to 48% in the United States and more than 52% in the UK, according to CNN's global vaccine tracker.Additional reporting by Reuters.",0,False,human,,0.8431906388266313,1
doc_0088,2628,news,human," (CNN)The Chicago Sky have won their first championship, defeating the Phoenix Mercury 80-74 in Game 4 of the WNBA Finals on Sunday.Allie Quigley led Chicago with 26 points, while Candace Parker added 16 points and 13 rebounds in the championship-clinching victory.Candace Parker catches the rebound during the game.The sixth-seeded Sky are the first team in WNBA history to win the championship without being seeded first or second. Their eight wins are the most in WNBA postseason history, after winning two single-elimination games to reach the semifinal round, where they won three games against the Connecticut Sun.What to know about the WNBA FinalsThe WNBA Championship Trophy is awarded to the team that wins the best of five games. The Phoenix Mercury won Game 2 of the finals.Read MoreOf the 12 WNBA teams that compete during the regular season, eight teams, regardless of conference, qualify for the postseason playoffs.The Houston Comets, the Seattle Storm and the Minnesota Lynx have each won four championships since the playoffs began in 1997.",0,False,human,,0.9657920566999009,1
doc_0097,2585,news,human," (CNN)Newcastle United has issued a statement urging fans to refrain from wearing mock Arab clothing or head coverings following the Saudi Arabian-backed takeover of the club.Many supporters wore what appeared to be towels or sheets on the day the takeover was announced and subsequently at the Premier League match against Tottenham at St. James' Park on Sunday.""A number of supporters have recently attended St. James' Park wearing associated head coverings and robes,"" the statement read. ""No-one among the new ownership group was in any way offended by the attire of the fans who chose to celebrate in this way. It was a gesture that was acknowledged as positive and welcoming in its intent. However, there remains the possibility that dressing this way is culturally inappropriate and risks causing offence to others. ""All visitors to the club are, as always, encouraged to wear whatever is the norm for their own culture or religion, continuing to reflect the broad and rich multicultural communities and groups from which the club proudly draws its support.""Read MoreREAD: Newcastle United manager Steve Bruce leaves club by mutual consent after Saudi backed takeoverNewcastle United fans pictured wearing mock Arab clothing before the match against Tottenham.The three-party consortium that purchased the club includes the Saudi Arabian Public Investment Fund (PIF), venture capital and private equity company PCP Capital Partners, and RB Sports and Media.There has been much controversy about PIF's involvement in the takeover, but the consortium was apparently able to successfully demonstrate that Saudi Arabia would not have control of the club and could therefore pass the Premier League's owners' and directors' test.PIF is a sovereign wealth fund chaired by Saudi Crown Prince Mohammed bin Salman.Its involvement in the takeover of Newcastle has been a long-running saga in English football, during which time Saudi Arabia's human rights record, including the murder of journalist Jamal Khashoggi, has come under scrutiny.READ: Newcastle United's takeover by Saudi Arabian-backed consortium agreedAt a hearing on Tuesday, Scottish National Part MP John Nicolson, who is part of the Digital, Culture, Media and Sport committee, said his heart went out to Hatice Cengiz, fiancée of the late Saudi journalist, when he saw the celebrations from some Newcastle fans.""I'm trying to imagine what it must be like to be Jamal Khashoggi's widow, when her husband has been chopped up and murdered on the instructions of the de facto ruler of Saudi Arabia and she sees numpties dancing around in cod-Arabic headdresses outside Newcastle United,"" he said.""On a personal basis for her, that must be heart-rending.""At the time of the takeover, Cengiz tweeted: ""It is so terrible to read that once again money has been more important than justice. What a shame and embarrassment for @NUFC. What a shame and embarrassment for @NUFC.""I hope the fans and players of @NUFC will hold their owners to account and ask them why no one knows where Jamal's body is yet?""",0,False,human,,0.8793263659798017,1
doc_0108,1939,news,human," (CNN)Locked 0-0 in a cagey opening Europa League group stage match, it should have been a routine catch for Lazio goalkeeper Thomas Strakosha.Galatasaray's Türk Telekom Stadium is renowned for generating some of the most intense atmospheres in world soccer, leaving little room for error or hesitancy at the best of times. As far as goalkeeper errors go, that's got to be up there... 🙈😅Thomas Strakosha has had an absolute nightmare 💀 pic.twitter.com/sniIIpzvA5— Football on BT Sport (@btsportfootball) September 16, 2021 Yet those in attendance last night bore witness to one of the worst goalkeeping mistakes of the year, eerily reminiscent of Martin Dubravka's horror own goal against Spain at Euro 2020 this summer. The fact that Strakosha's blunder was the game's only goal added further insult to injury.Strakosha is consoled by a teammate following his own goal.Searching for the breakthrough with just under 25 minutes remaining, Galatasaray midfielder Olimpiu Moruţan floated a hopeful cross into the Lazio box. Read MoreLazio full-back Manuel Lazzari instigated a series of unfortunate events by making a meal of Morutan's delivery, slicing the ball to send it spiraling into the sky as opposed to clearing his lines. Yet as gravity did its job, Strakosha failed to do his -- the Albanian leapt casually to pluck the ball out of the air only to parry it straight into the left post.As if taunting him, the ball ricocheted back into Strakosha's outstretched gloves before nestling in the corner of the net, sparking rapturous scenes among the Galatasaray faithful in the stands.Galatasaray's players celebrate taking the lead.Lazio toiled for an equalizer -- Sergej Milinikovic-Savic squandering a golden opportunity to help spare his goalkeeper's blushes just minutes after the own goal -- but struggled to break down a resolute Galatasaray backline. Visit CNN.com/sport for more news, features, and videosThe home side weathered the storm, closing the game out to take the three points and send themselves to the top of Group E.With the group's other game between Marseille and Lokomotiv Moscow ending in a draw, Strakosha and Lazio find themselves at the bottom of the group following Matchday 1. ",0,False,human,,0.8709045285924014,1
doc_0109,2836,news,human," (CNN)Pixar has a knack for coming-of-age tales, but few that mix the touching and adorable much better than ""Turning Red,"" a bright and appealing animated movie somewhat surprisingly headed directly to Disney+. Audiences should still warm to this mother-daughter story on streaming, but in bypassing theaters it feels like the studio is leaving some green on the table.Directed and co-written by Domee Shi (the theatrical short ""Bao""), the film tells the story of 13-year-old Mei Lee (voiced by Rosalie Chiang), whose family runs a Chinese temple in Toronto. An honor student who craves the approval of her mother (Sandra Oh), Mei has a trio of close friends with whom she shares a passion for a boy group named 4*town, which will soon be playing a concert in her town.Budding boy mania, however, triggers another unexpected response: Mei's transformation into a furry Red Panda, a legacy of her family's mystical history. The parallels between that and the advent of puberty are unavoidable, and Shi and co-writer Julie Cho hilariously lean into them, with Mei's introduction to dawning womanhood bringing with it a series of mortifying side effects.In tone and style, ""Turning Red"" perhaps most closely resembles ""Inside Out,"" another Pixar film that did an inordinately good job of addressing the pangs of this particular age in a sprightly and entertaining package. Here, the add-ons include not only a generational clash but the weight of expectations that Mei faces, trying to satisfy her mother as she begins to exhibit signs of independence.""Turning Red"" also gets a whole lot of mileage out of the panda gags, which, in the crassest commercial terms, should sell a whole lot of plush toys to younger tykes.Read MoreLike the best Pixar fare, the film operates on multiple levels, in ways that will be relatable to parents and older kids that are both culturally specific and broadly universal, with the added garnish of original songs by Billie Eilish.Animation has obviously been a major driver for Disney+ over the past two years, at a time when the streaming service needed content and viewers were hungry for escapes at home.Whether that logic holds as theaters are opening up is between Pixar and Disney's accounting teams, but the lack of a theatrical window right now is puzzling, with a movie that's qualitatively in the conversation with the Oscar-winning ""Soul,"" and a cut above recent releases ""Luca"" and ""Onward.""Still, wherever one sees it, ""Turning Red"" delivers an exquisitely animated story that's moving as well as funny -- welcome evidence that creatively speaking, at least, Pixar hasn't lost its golden touch.""Turning Red"" premieres March 11 on Disney+.",0,False,human,,0.9752086629564756,1
doc_0117,2121,news,human," (CNN)Ex-Formula One driver and Paralympic champion Alex Zanardi has been transferred from hospital to a specialist neuro-rehabilitation center, after suffering a horrific cycling crash in June.The 53-year-old Zanardi, who had both his legs amputated after a motor racing accident almost 20 years ago, had lost control of his handbike while competing in a relay race in Tuscany, Italy.Pope Francis writes a letter of support to Alex Zanardi after horror crash Zanardi was subsequently airlifted to the Santa Maria alle Scotte hospital in Siena, where he underwent three hours of emergency neurological surgery and was placed in an artificial coma. The hospital released a statement on Tuesday confirming Zanardi had been transferred after his sedation had ended.""The stability of the general clinical conditions and the neurological picture allowed the transfer ... to a specialized recovery and functional rehabilitation center,"" it read.Read More""Alex Zanardi was therefore transferred today [Tuesday] to another facility.""""Today a new path begins for Alex Zanardi,"" added hospital general manager, Valtere Giovannini.The Italian is an incredibly popular figure. He had been in training for this year's Tokyo Paralympics, hoping to add to his impressive tally of gold medals.Among the many messages of support, Pope Francis wrote him a letter whilst he continued his recovery in hospital. He praised Zanardi for living life to the fullest and for providing a ""lesson in humanity.""",0,False,human,,0.8924041545823499,1
doc_0121,2054,news,human," (CNN)Pittsburgh Steelers quarterback Ben Roethlisberger has been placed on the reserve/Covid-19 list and will miss Sunday's game at home against the Detroit Lions, the team announced Saturday.Last week, during an appearance on ""The Dan Patrick Show,"" Roethlisberger announced he was fully vaccinated against Covid-19 after being asked what protocols he must follow in the locker room. Green Bay Packers star quarterback Aaron Rodgers off reserve/Covid-19 list""I think you're supposed to have your mask on if you're not vaccinated. I don't know who on our team is and isn't. I know I am, so I don't have to have my mask on, but you still have to live your life,"" Roethlisberger said. The reserve/Covid-19 list is for players who either test positive for the Covid or who have been in close contact with someone who is infected.Roethlisberger has started all eight games this season, throwing for 1,986 yards and 10 touchdowns. Read MoreRoethlisberger becomes the second starting quarterback this month to be ruled out of a game after being placed on the reserve/Covid-19 list. Green Bay Packers quarterback Aaron Rodgers missed the team's Week 9 game against the Kansas City Chiefs due to Covid-19 protocols. Rodgers was activated off the list before the team's week 10 tilt against the Seattle Seahawks, the Packers announced earlier Saturday. ",0,False,human,,0.9285270001210142,1
doc_0124,1990,news,human," (CNN)The United Nations must be given ""urgent and unfettered"" access to Xinjiang to investigate reports of abuses in the Chinese region, the United Kingdom said Monday, upon its return to the UN Human Rights Council as a voting member.During an address to the council in Geneva, British Foreign Secretary Dominic Raab condemned the rights record of fellow council members China and Russia, and also raised concerns about Myanmar and Belarus.""We see almost daily reports now that shine a new light on China's systematic human rights violations perpetrated against Uyghur Muslims and other minorities in Xinjiang,"" Raab said during the meeting.""The situation in Xinjiang is beyond the pale. The reported abuses -- which include torture, forced labor and forced sterilization of women -- are extreme and they are extensive,"" Raab added.Why Britain's anti-immigration politicians are opening the doors to thousands of Hong KongersChina has been widely condemned for setting up complexes in Xinjiang that Beijing describes as ""vocational training centers"" to stamp out extremism and give people new skills. China's critics have called them concentration camps.Read MoreEarlier on Monday, China said Xinjiang and Tibet were ""important examples of human rights progress.""""China is a country that has always protected and promoted the development of human rights,"" Senior Diplomat Wang Yi said in a speech. ""Over the past 60 years, Xinjiang's economic aggregate has increased by more than 200 times, the per capita GDP has increased by nearly 40 times, and the average life expectancy has increased from 30 to 72 years,"" Wang added.The United Nations has said at least 1 million Uyghurs and other Muslims have been detained in Xinjiang.While the Chinese government has repeatedly said that Muslim minorities in Xinjiang are enjoying a high quality of life, attempts by journalists to report independently on the region have often been hamstrung by authorities.The Chinese government is facing growing pressure to address allegations of human rights abuses towards Muslim minorities in Xinjiang.On January 19, the US announced it had determined that the Chinese government was committing genocide in Xinjiang, which then-Secretary of State Pompeo described as ""the systematic attempt to destroy Uyghurs by the Chinese party-state.""After US Secretary of State Antony Blinken was confirmed one week later, he said that the Biden administration stood by the genocide finding.",0,False,human,,0.9007762748575167,1
doc_0133,1810,news,human," (CNN)Seattle Seahawks head coach Pete Carroll admitted after his side's disappointing 13-10 defeat to the New Orleans Saints on Monday night that he ""probably wouldn't have"" been with the team for so long if it wasn't for star quarterback Russell Wilson.Carroll has been head coach of Seahawks since 2010 and drafted Wilson in the third round of the 2012 NFL Draft.Together, the pair have had a great deal of success, leading the Seahawks to back-to-back Super Bowls in 2014 and 2015, winning in their first attempt and losing in heartbreaking fashion to the New England Patriots in 2015.However, Wilson suffered a broken finger in week five of this season, an injury which required surgery. He has been missing from the Seahawks line-up ever since with his return uncertain.After the Seahawks' defeat on Monday night, a game in which back-up Geno Smith and the offense struggled to move the ball, Carroll admitted that he wouldn't have lasted so long at the team if it wasn't for eight-time Pro Bowler Wilson.Read More""Let's say it this way: I've been here a long time. And if we didn't have Russell, I probably wouldn't have been here a long time,"" the 70-year-old said.Carroll watches on during the game against the New Orleans Saints at Lumen Field.""Because think of all the magic that he's created in the years. He's got numbers and stats, and fourth quarters, this's and that's, and all of that stuff. One of the winningest quarterbacks in the history of the NFL. And it will be really fun when he comes back and plays football again for us this year. And we owe a tremendous amount.""Monday's defeat to the Saints is the third loss in a row for the Seahawks and means they slip to a 2-5 record on the season. Visit CNN.com/sport for more news, features, and videosAnd although Carroll couldn't provide an update on when their star quarterback would return, he said his team will continue to fight until he does. ""We miss him, and in the meantime, we're going to keep fighting and clawing and doing what we can,"" Carroll said.",0,False,human,,0.6942750670977155,1
doc_0135,3857,essays,human,"Life is full of competition. Soon after the release from competitive university exams, the hard fighting for higher positions in a company will be waiting for you. While the competitiveness has been bringing us a convenient society, no small number of employments have been tired of never-ending competitions. No doubt about a positive effect on societies, but when we start to argue about the effect on individuals, it becomes more controversial. This essay will argue the drawbacks of competitiveness for individuals, especially from the perspective of Japanese modern society and typical Japanese office workers. I believe that cooperativeness and uniqueness are sometimes more important attitude than competitiveness.
Firstly, competitiveness causes less diversity. If there is a competition, there must be the same evaluation metrics to differentiate winners and losers. The evaluation procedure needs to limit the metrics into specific aspects of the human being. Therefore, it is extremely difficult to prove that the metrics are proper for all of the possible cases and effective for the HR evaluation. For example, Japanese companies are likely to judge quantitatively based on the numbers related to performance. However, how can we evaluate the cooperativity or the non-quantitative performance like in creative jobs? Most Japanese companies adopted the HR evaluation methods based on average working hours per day and number of reports monthly. That’s why the Japanese tend to overwork to fulfill this requirement. In addition, as a result of placing more importance in quantity of reports, rather than quality, Japanese employees are prone to choose easy and short-term tasks or outsourcing instead of building by their own methods. This tendency causes fewer complicated and long-term tasks.
Secondly, competitiveness causes less cooperativeness. Fewer people volunteer to play a disadvantageous role for smooth teamwork. Moreover, some people play an evil role by blaming or cheating the competitors in order to be superior to them. As a consequence, overall efficiency will decline and some people will be overestimated. Even if there are no problems temporarily, the long-lasting large companies will eventually become corrupt, and those who have the most political power, rather than real power, will remain at the top.
Consequently, competitiveness is the basis of capitalism which brings us a brighter and more convenient society, however, biased evaluation and less cooperative working environment possibly drive people into nervous breakdowns. Karoshi, overwork death derived from too much stress and less sleeping, is one of the most serious social problems in Japan. We may need to rethink about the competitiveness.",0,False,human,,0.8136666983923841,1
doc_0136,3629,essays,human,"Sugar-based drinks has become a popular beverage amongst the people especially in today's generation, the millenials. This essay will outline possible reasons on why people are consuming such drinks and also some ways for them to consume less.
To start, sugar is the main component of this beverage. Study shows that consuming this can boost a person's energy levels. Hence athelete ae addicted to this refreshments such as energy drinks. Furthermore, this can increase mental alertness especially to working individuals. For instance, not all workers has the capability to maintain their energy at work, sometimes they tend to get sleepy leading them to buy sugary drinks like milk teas. Not only that, advertisement can also be a factor. For example, young people gets curious whenever new sugared drinks is advertised especially if this is shown by their favorite icon. Lastly, consumer's lack of knowledge and misinformation regarding their product as evident by the coca cola lawsuit.
Although it may be difficut for people to stay away from this. There are ways that can help them drink less. One solution is for government to impose a price hike. Meaning high price can discourage them to buy this drinks. Second, just like alcohol, buying sugar-based drinks at malls or grocery store should have time limit. For instance, whoever will buy and sell beyond the allotted time should pay a fine. Also, Educating the public about the health issue of drinking too much sugar-based drinks should be prioritize. Finally, government should encourage company such as pepsiCo, and the Coca-cola company to be transparent of their nutritional facts.
In conclusion, sugar-based drinks has become popular due to advertisements and society's thinking that it can replenish their energy levels. In contrast, goverment should take the first step educate and encourage individuals to mimimize drinking this.",0,False,human,,0.8904131240051576,1
doc_0148,4387,essays,human,"Today computers are used almost everywhere, it is impossible to imagine our life without PCs, Internet, mobile phones and other computer devices. It is reasonable to think that people look forward to the future of computers., computers make our life easier, we can easily get information about any product we plan to buy or place we plan to visit in a second using a personal computer and . Scientists predict that in the nearest future it will be possible to smell a new perfume using the Internet and watch 3D scenes at home like we do in the movie theater. According to forecasts of HR agencies machines will replace jobs of cashiers, and civil and military pilots. Some corporations in Japan are already sellinghousewife-robots, which help old people to keep their homes clean.Despite the fact that computers help us, they make us dependent. Apparently, people spend more time behind monitors than ever before. And some of them feel a need for more time to be spent with people in live contact. In addition, a breakdown of one of the important modules of a specific computer can entail serious consequences. to mention the computer problem that occurred in the end of 1990s, a problem related to the coming year 2000 (Y2K) and catastrophes that were predicted. Fortunately imminent disasters did not happen. However, it is difficult to imagine what could if all the predictions came true.We live in a technological era, computers penetrated everywhere with all benefits they provide and all dangers they hide. However we are satisfied with them and sometimes we even thank them because they help us in communicating, studying, doing business, entertaining and saving lives in critical situations.",0,False,human,,0.8995205568253709,1
doc_0157,3560,essays,human,"In the diagram, the steps needed to obtain a dough for a pizza are shown, figures are given for grams and time required for the process.
In the initial stage, the staple ingredients, namely, 4 coup of 00 flour, 325 gr of water ( roughly one and a half cups) and a half teaspoon of dry active yeast respectively, are blended together in a cup.
After being placed in a stand mixer, the primordial dough undergo through 3 mixing stages, with the first and the third at slow speed for 2 minutes each, and the second at medium speed for 5 minutes.
Subsequently, the dough is going to be left to rest as long as its thickness has increased twofold, which it would takes at least 2 Hours.
Having gotten rid of the bubbles by squeezing them manually, the resulting portion of dough is either divided thoroughly into 3 slices equally sized or making each of the three parts weigh 275 grams.",0,False,human,,0.9060753597348511,1
doc_0159,3078,essays,human,"The line graph and chart below show data on the average daily maximum and minimum temperatures in degrees Celsius and the average number of days with rainfall each month, from January to December, for Brisbane and Canberra in Australia.
Overall, both cities have similar tendencies throughout the entire period. Likewise, Canberra has lower temperatures than Brisbane during the whole year. In addition, Brisbane has a higher average number of days with rainfall than Canberra during most of the year.
To start with, Canberra's maximum average daily temperatures have a significant decrease in tendency, from 27 degrees in January to only 11 degrees in July. In contrast, Brisbane's daily maximum temperatures present lower fluctuations from 28 degrees in January to just 21 degrees in July. Additionally, Brisbane reaches its highest maximum average daily temperature in February at 30 degrees, whilst Canberra reaches its lowest minimum average daily temperature in June and July at 2 degrees. Furthermore, the average number of days with rainfall decreases moderately during the winter season in Brisbane, from 14 days in February to 7 days in June, July and August. However, this is the opposite tendency in the average number of days with rainfall in Canberra which slightly increases from 7 days in February to 10 days in June, July and August.
To sum up, Canberra has rainy and cold winters, whilst Brisbane has rainy and warm summers.",0,False,human,,0.7956375348112326,1
doc_0160,4316,essays,human,"It is not uncommon for teenagers to worship celebrities. From singers to actors, many young people around the world look up to these stars and attempt to emulate their lifestyles. In my opinion, allowing children to idolize celebrities can often be detrimental, as they frequently set a poor example.Many of today’s celebrities tend to lack moral values, and they promote behaviour inappropriate for young people. For instance, some music videos feature explicit lyrics glorifying drug use and violence. In addition, the media often reports on celebrities who indulge in excessive partying or drinking alcohol despite being underage. These types of headlines can have a negative influence on impressionable teens who might falsely believe that they should follow suit to appear cool or successful.Poor morals aren’t the only issue, as many popular stars are also well-known for their irresponsible spending habits. They routinely splurge on luxury items such as designer clothing or expensive cars without any consideration for budgeting or saving money responsibly. This kind of behaviour is dangerous because it is normalizing materialism and teaching teens that costly possessions will bring them happiness instead of focusing on what really matters in life: meaningful relationships, knowledge, and hard work.To conclude, young adults should keep in mind that society’s perception of fame and fortune is based on temporary, insubstantial things rather than what actually matters. In the grand scheme of things, it would be far more beneficial for teenagers to spend time developing their own set of values rooted in quality education and strong family relationships.",0,False,human,,0.934636741023441,1
doc_0166,3812,essays,human,"The bar graphs shed light on impetuses driving people to choose the major of MBA and job applicants' qualities considered by recruiters.
Overall, there are mainly two features manifested by the diagrams. First, satisfactory employment opportunities are the major reason for choosing this degree. Second, personality and relevant academic experience are regarded as the most critical qualities by a majority of employers.
According to the first chart, the percentage of interviewees deeming job opportunities to be the major reason for choosing this major reaches 65%, while any other reason is reported by less than 20%. Notably, serving other people is the most uncommon driving force, reported by only 8%.
As shown in the second chart, the percentage of recruiters valuing personalities most is the same as that of employers attaching the greatest importance to academic experience, each reaching 25%. Other relevant experience and presentation/appearance are reported by 20% of employers respectively. Qualifications are deemed to be the essential quality by the smallest percentage of recruiters, 10%.",0,False,human,,0.965464069017704,1
doc_0170,3757,essays,human,"Some people think that outdoor activities are more beneficial for children's development than playing computer games. This essay will elaborate a point of agreement to the above statement.
To commence with the first reason, outdoor activities are good for children's health. As children run and play with ones' friends, outdoor activities will apparently relieve the stress. Furthermore, it is scientifically proven that an exercise is beneficial for all mankind as it is recommended by the doctors and scientists. For instance, doctors encourage the patients who have non-communicable diseases, known as lifestyle illnesses, to exercise more. Thus, it will prevent children from getting illnesses.
Additionally, spending time with one's friends will definitely help a child to build a healthy relationship with others. As a child learns universal values and realizes important aspects of life, it will greatly influence the way a child will live one's life. For example, a child can learn sportsmanship while playing sports with his or her friend.
On the other hand, playing computer games can lead a child to be addicted with electronic gadgets. Addiction is one of the most risky things which may put one's life into a pit. If a computer game consists of violent or aggressive contents within it, a child may get influenced. There are a great number of reports and thesis which focus on how computer games affect the children's behaviour in a negative way.
Moreover, electrical gadgets affect one's eyesight. Nowdays, as most of people are exposed to the lights from the devices, it can be easily proven that there are more people with glasses comparing to the past. Using a computer for a short period of time is not risky, however, using a computer for a long time for certain purposes, even if it is for research work, it will affect one's eyesight badly.
To conclude, it is proven that outdoor activities are more beneficial than playing computer games. Therefore, communities, parents, and teachers ought to encourage children to do outdoor activities rather than ordering a child be sitted for a long time, the act which causes unhealthiness.",0,False,human,,0.6653351334918243,1
